version,n,threads,best_block_nb,best_gflops_mean,best_gflops_std,best_time_mean,reps,num_block_sizes
v5_openmp_blocked,8000,1,96,6.239633333333333,0.00020816659994691035,27.351972666666665,3,5
v5_openmp_blocked,8000,8,256,37.738166666666665,0.0023437861108281713,4.522392,3,5
v5_openmp_blocked,8000,32,256,97.85823333333333,0.21866710619874494,1.7440253333333333,3,5
v5_openmp_blocked,8000,76,96,187.8495,11.817078531092198,0.9108493333333333,3,5
